<application>
  <component name="ServerConfiguration">
    <option name="tomcatInfos">
      <TomcatInfo>
        <option name="name" value="Apache Tomcat/7.0.72" />
        <option name="path" value="C:\Users\T3261\Desktop\apache-tomcat-7.0.72" />
        <option name="version" value="7.0.72.0" />
      </TomcatInfo>
      <TomcatInfo>
        <option name="name" value="Apache Tomcat/7.0.72" />
        <option name="number" value="1" />
        <option name="path" value="C:\Projects\apache-tomcat-7.0.72-som" />
        <option name="version" value="7.0.72.0" />
      </TomcatInfo>
      <TomcatInfo>
        <option name="name" value="Apache Tomcat/7.0.72" />
        <option name="number" value="1" />
        <option name="path" value="C:\Projects\tomcat-7-for-intellij" />
        <option name="version" value="7.0.72.0" />
      </TomcatInfo>
    </option>
  </component>
</application>