<application>
  <component name="GitRememberedInputs">
    <option name="visitedUrls">
      <list>
        <UrlAndUserName>
          <option name="url" value="https://github.com/keepprogress/angular-with-maxmillion-Sec-15-Reactive-Form.git" />
          <option name="userName" value="" />
        </UrlAndUserName>
        <UrlAndUserName>
          <option name="url" value="https://github.com/keepprogress/CTCI.git" />
          <option name="userName" value="" />
        </UrlAndUserName>
        <UrlAndUserName>
          <option name="url" value="http://git.testritegroup.com" />
          <option name="userName" value="T3261" />
        </UrlAndUserName>
      </list>
    </option>
    <option name="cloneParentDir" value="C:\Developer" />
  </component>
  <component name="Vcs.Log.App.Settings">
    <option name="COLUMN_ID_ORDER">
      <list>
        <option value="Default.Root" />
        <option value="Default.Subject" />
        <option value="Default.Author" />
        <option value="Default.Date" />
        <option value="Space.CommitStatus" />
      </list>
    </option>
  </component>
  <component name="VcsApplicationSettings">
    <option name="COMMIT_FROM_LOCAL_CHANGES" value="true" />
  </component>
</application>